ID	name	health	defense	KO	exhaust	GRank
0	Village 6 Advanced: Invisible Thief	6208	0.85	1.3	1.6	
1	Village 10 Advanced: Advanced: Karma Chameleos	10432	0.8	1.4	1.85	
2	Hub 3 The Elder Dragon of Mist	4864	0.95	1.2	1.25	
3	Hub 7 The Elder Dragon of Mist	10047	0.8	1.4	1.8	
4	Hub 7 Beyond the Silence	10047	0.8	1.4	1.8	
5	Hub G4 Out of Thin Air	16319	0.75	1.6	2.2	G
6	Hub G4 Into Thin Air	16319	0.75	1.6	2.2	G
7	Hub 1 DLC The Formless One	11008	0.8	1.5	1.9	
8	Hub DLC Legitimate Soaratorium Quest	1600	0.75	2	2.5	G
