ID	name	health	defense	KO	exhaust	GRank
0	Village 3 Sunsnug Isle Rescue!	1820	1	0.95	0.95	
1	Village 5 Hunt-a-thon: Iodrome	1400	1	1	1	
2	Village 6 The Cankerous Quagmire	1715	1	1	1.05	
3	Village 6 The Cankerous Quagmire	1715	1	1	1.05	
4	Village 8 Volcanic Vexations	2765	0.95	1.1	1.2	
5	Village 9 Trouble Comes in Threes	2975	0.95	1.3	1.3	
6	Hub 2 Poisonous Pest	2555	0.95	1.1	1.2	
7	Hub 3 Making it Safe for Swine	2135	0.95	1	1.1	
8	Hub 5 The Ioprey Leader	4130	0.85	1.3	1.5	
9	Hub 5 Poisonous Pair	3185	0.85	1.3	1.5	
10	Hub 5 Poisonous Pair	3185	0.85	1.3	1.5	
11	Hub 5 Hunt Sweat and Tears	2870	0.9	1.3	1.5	
12	Hub G2 Minion's Devotion	6755	0.8	1.4	1.85	G
13	Village 6 Poison and Fangs	2029	1	1	1	
14	Village 9 Pitty and Poison	3500	0.95	1.3	1.3	
15	Village 10 The Slashing Leaders	3080	0.95	1.3	1.4	
16	Hub 6 Everywhere You Look	2240	0.85	1.3	1.6	
17	Hub 6 Everywhere You Look	2450	0.85	1.3	1.6	
18	Hub G3 Laughter is Not the Best Antidote	8119	0.8	1.3	1.7	G
19	Hellblade III: Hunt	3710	0.85	1.3	1.6	
20	Arena Grudge Match: Bird Wyverns	1085	0.95	1	1.15	
21	Hub DLC Jump: Crimson Strongmen	1610	0.95	1	1.05	
22	Hub 1 DLC Fan Club: Great All Stars	3710	0.85	1.3	1.6	
