ID	name	health	defense	KO	exhaust	GRank
0	Village 6 Advanced: Snowtal Recall	4074	0.85	1.3	1.6	
1	Village 10 Advanced: Steel Yourself	6846	0.8	1.4	1.85	
2	Hub 3 The Frozen Dictator	3192	0.95	1.2	1.25	
3	Hub 7 The Frozen Dictator	6593	0.8	1.4	1.8	
4	Hub 7 Kushala Daora Strikes	6593	0.8	1.4	1.8	
5	Hub G4 Steel Yourself	12810	0.75	1.6	2.2	G
6	Hub G4 Blizzard Blower	12810	0.75	1.6	2.2	G
7	Hub 1 DLC The Steel Vanguard	7224	0.8	1.5	1.9	
8	Hub DLC The Legend of Zelda: Courage	11550	0.75	1.7	2.3	G
